{"images": [{"file_name": "gorani01.jpg", "height": 1365, "width": 2048, "id": "gorani01"}, {"file_name": "gorani02.jpg", "height": 400, "width": 600, "id": "gorani02"}, {"file_name": "gorani03.jpg", "height": 351, "width": 424, "id": "gorani03"}, {"file_name": "gorani04.jpg", "height": 720, "width": 1280, "id": "gorani04"}, {"file_name": "gorani05.jpg", "height": 532, "width": 800, "id": "gorani05"}, {"file_name": "gorani06.jpg", "height": 349, "width": 620, "id": "gorani06"}, {"file_name": "gorani07.jpg", "height": 384, "width": 512, "id": "gorani07"}, {"file_name": "gorani08.jpg", "height": 408, "width": 612, "id": "gorani08"}, {"file_name": "gorani09.jpg", "height": 341, "width": 512, "id": "gorani09"}, {"file_name": "gorani10.jpg", "height": 365, "width": 650, "id": "gorani10"}, {"file_name": "gorani11.jpg", "height": 416, "width": 416, "id": "gorani11"}, {"file_name": "gorani12.jpg", "height": 800, "width": 700, "id": "gorani12"}, {"file_name": "gorani13.jpg", "height": 194, "width": 259, "id": "gorani13"}, {"file_name": "gorani14.jpg", "height": 2704, "width": 4064, "id": "gorani14"}, {"file_name": "gorani15.jpg", "height": 352, "width": 517, "id": "gorani15"}, {"file_name": "gorani16.jpg", "height": 423, "width": 512, "id": "gorani16"}, {"file_name": "gorani17.jpg", "height": 500, "width": 512, "id": "gorani17"}, {"file_name": "gorani18.jpg", "height": 341, "width": 512, "id": "gorani18"}, {"file_name": "gorani19.jpg", "height": 415, "width": 512, "id": "gorani19"}, {"file_name": "gorani20.jpg", "height": 480, "width": 512, "id": "gorani20"}], "type": "instances", "annotations": [{"area": 101824, "iscrowd": 0, "image_id": "gorani01", "bbox": [1067, 121, 296, 344], "category_id": 0, "id": 1, "ignore": 0, "segmentation": []}, {"area": 6525, "iscrowd": 0, "image_id": "gorani02", "bbox": [334, 41, 75, 87], "category_id": 0, "id": 2, "ignore": 0, "segmentation": []}, {"area": 5382, "iscrowd": 0, "image_id": "gorani03", "bbox": [290, 21, 69, 78], "category_id": 0, "id": 3, "ignore": 0, "segmentation": []}, {"area": 429016, "iscrowd": 0, "image_id": "gorani04", "bbox": [295, 1, 658, 652], "category_id": 0, "id": 4, "ignore": 0, "segmentation": []}, {"area": 7100, "iscrowd": 0, "image_id": "gorani05", "bbox": [253, 127, 71, 100], "category_id": 0, "id": 5, "ignore": 0, "segmentation": []}, {"area": 5340, "iscrowd": 0, "image_id": "gorani06", "bbox": [308, 69, 60, 89], "category_id": 0, "id": 6, "ignore": 0, "segmentation": []}, {"area": 8217, "iscrowd": 0, "image_id": "gorani07", "bbox": [248, 21, 83, 99], "category_id": 0, "id": 7, "ignore": 0, "segmentation": []}, {"area": 9288, "iscrowd": 0, "image_id": "gorani08", "bbox": [263, 74, 86, 108], "category_id": 0, "id": 8, "ignore": 0, "segmentation": []}, {"area": 7120, "iscrowd": 0, "image_id": "gorani09", "bbox": [275, 18, 80, 89], "category_id": 0, "id": 9, "ignore": 0, "segmentation": []}, {"area": 22360, "iscrowd": 0, "image_id": "gorani10", "bbox": [157, 0, 130, 172], "category_id": 0, "id": 10, "ignore": 0, "segmentation": []}, {"area": 4774, "iscrowd": 0, "image_id": "gorani11", "bbox": [156, 70, 62, 77], "category_id": 0, "id": 11, "ignore": 0, "segmentation": []}, {"area": 37060, "iscrowd": 0, "image_id": "gorani12", "bbox": [239, 79, 170, 218], "category_id": 0, "id": 12, "ignore": 0, "segmentation": []}, {"area": 8245, "iscrowd": 0, "image_id": "gorani13", "bbox": [131, 5, 85, 97], "category_id": 0, "id": 13, "ignore": 0, "segmentation": []}, {"area": 669955, "iscrowd": 0, "image_id": "gorani14", "bbox": [1698, 376, 715, 937], "category_id": 0, "id": 14, "ignore": 0, "segmentation": []}, {"area": 51789, "iscrowd": 0, "image_id": "gorani15", "bbox": [294, 0, 183, 283], "category_id": 0, "id": 15, "ignore": 0, "segmentation": []}, {"area": 29230, "iscrowd": 0, "image_id": "gorani16", "bbox": [277, 31, 158, 185], "category_id": 0, "id": 16, "ignore": 0, "segmentation": []}, {"area": 51597, "iscrowd": 0, "image_id": "gorani17", "bbox": [169, 3, 189, 273], "category_id": 0, "id": 17, "ignore": 0, "segmentation": []}, {"area": 55296, "iscrowd": 0, "image_id": "gorani18", "bbox": [163, 11, 216, 256], "category_id": 0, "id": 18, "ignore": 0, "segmentation": []}, {"area": 22704, "iscrowd": 0, "image_id": "gorani19", "bbox": [364, 3, 129, 176], "category_id": 0, "id": 19, "ignore": 0, "segmentation": []}, {"area": 102833, "iscrowd": 0, "image_id": "gorani20", "bbox": [133, 6, 263, 391], "category_id": 0, "id": 20, "ignore": 0, "segmentation": []}], "categories": [{"supercategory": "none", "id": 0, "name": "waterdeer"}]}